<?xml version="1.0" encoding="utf-8"?>
<modification>
	<name>Стикеры Атрибутов</name>
	<code>attribute_sticker</code>
	<version>1.0</version>
	<author>Serhii Lazebnyi</author>
	<link>serhii.lazebnyi@gmail.com</link>

	<file path="catalog/controller/product/product.php">
		<operation>
			<search><![CDATA[$data['attribute_groups'] = $this->model_catalog_product->getProductAttributes($this->request->get['product_id']);]]></search>
			<add position="after"><![CDATA[
            //Attribute Sticker
            $this->load->model('extension/module/mm_attr_stickers');

            $product_attr_stickers = array();
            $product_attr_stickers = $this->model_extension_module_mm_attr_stickers->getProductAttrStickers($product_id);
            $data['product_attr_stickers'] = array();

            if (!empty($product_attr_stickers)) {
                foreach ($product_attr_stickers as $product_attr_sticker) {
                    $product_attr_sticker['image'] = $this->model_tool_image->resize($product_attr_sticker['image'], 60, 70);
                    $data['product_attr_stickers'][] = $product_attr_sticker;
                }
            }
]]></add>
		</operation>
	</file>
    <file path="catalog/controller/product/category.php">
		<operation>
			<search><![CDATA[$results = $this->model_catalog_product->getProducts($filter_data);]]></search>
			<add position="after"><![CDATA[
        $this->load->model('extension/module/mm_attr_stickers');
]]></add>
		</operation>
        <operation>
			<search><![CDATA[$data['products'][] = array(]]></search>
			<add position="before"><![CDATA[
        //Attribute Sticker
        $product_attr_stickers = array();
        $product_attr_stickers = $this->model_extension_module_mm_attr_stickers->getProductAttrStickers($result['product_id']);
        $data['product_attr_stickers'] = array();

        if (!empty($product_attr_stickers)) {
            foreach ($product_attr_stickers as $product_attr_sticker) {
                $product_attr_sticker['image'] = $this->model_tool_image->resize($product_attr_sticker['image'], 60, 50);
                $attr_stickers[] = $product_attr_sticker;
            }
        }
]]></add>
		</operation>
        <operation>
			<search><![CDATA['href'        => $this->url->link('product/product', 'path=' . $this->request->get['path'] . '&product_id=' . $result['product_id'] . $url)]]></search>
			<add position="after"><![CDATA[
                ,'product_attr_stickers' => !empty($attr_stickers) ? $attr_stickers : null
]]></add>
		</operation>
	</file>
    <file path="catalog/view/theme/default/template/product/product.twig">
		<operation>
			<search><![CDATA[<div class="row mt-5">]]></search>
			<add position="before"><![CDATA[
        {# Attribute Sticker #}
        <div class="row">
            {% if product_attr_stickers %}
              {% for attr_sticker in product_attr_stickers %}
                  {% if attr_sticker.image %}
                      <img src="{{ attr_sticker.image }}">
                      {{ attr_sticker.name }}
                  {% else %}
                      {{ attr_sticker.name }} - {{ attr_sticker.text }}
                  {% endif %}
              {% endfor %}
            {% endif %}
        </div>
]]></add>
		</operation>
	</file>
    <file path="catalog/view/theme/default/template/product/catalog.twig">
		<operation>
			<search><![CDATA[<div class="button-group">]]></search>
			<add position="before"><![CDATA[
        {# Attribute Sticker #}
        <div class="row">
            {% if product.product_attr_stickers %}
              {% for attr_sticker in product.product_attr_stickers %}
                  {% if attr_sticker.image %}
                      <img src="{{ attr_sticker.image }}">
                      {{ attr_sticker.name }}
                  {% else %}
                      {{ attr_sticker.name }} - {{ attr_sticker.text }}
                  {% endif %}
              {% endfor %}
            {% endif %}
        </div>
]]></add>
		</operation>
	</file>
    <file path="admin/controller/catalog/product.php">
        <operation>
			<search><![CDATA[$data['text_form'] = !isset($this->request->get['product_id']) ? $this->language->get('text_add') : $this->language->get('text_edit');]]></search>
			<add position="after"><![CDATA[
        $this->load->language('extension/module/mm_attr_stickers');
]]></add>
		</operation>
		<operation>
			<search><![CDATA[$data['placeholder'] = $this->model_tool_image->resize('no_image.png', 100, 100);]]></search>
			<add position="after"><![CDATA[
        //Attribute Sticker
        $this->load->model('extension/module/mm_attr_stickers');

        if (isset($this->request->post['product_attr_stickers'])) {
			$product_attr_stickers = $this->request->post['product_attr_stickers'];
		} elseif (isset($this->request->get['product_id'])) {
			$product_attr_stickers = $this->model_extension_module_mm_attr_stickers->getProductAttrStickers($this->request->get['product_id']);
		} else {
			$product_attr_stickers = array();
		}

		$data['product_attr_stickers'] = array();

        if (!empty($product_attr_stickers)) {
            foreach ($product_attr_stickers as $languageId => $product_attr_sticker) {
                foreach ($product_attr_sticker as $attr_sticker) {
                    if (is_file(DIR_IMAGE . $attr_sticker['image'])) {
        				$image = $attr_sticker['image'];
        				$thumb = $attr_sticker['image'];
        			} else {
        				$image = '';
        				$thumb = 'no_image.png';
        			}

        			$data['product_attr_stickers'][$languageId][] = array(
                        'name'       => $attr_sticker['name'],
        				'image'      => $image,
        				'thumb'      => $this->model_tool_image->resize($thumb, 100, 100),
                        'text'       => $attr_sticker['text'],
        				'sort_order' => $attr_sticker['sort_order']
        			);
                }
    		}
        }
]]></add>
		</operation>
	</file>
    <file path="admin/model/catalog/product.php">
		<operation>
			<search><![CDATA[$this->db->query("DELETE FROM " . DB_PREFIX . "product_image WHERE product_id = '" . (int)$product_id . "'");]]></search>
			<add position="before"><![CDATA[
        //Attribute Stickers
        $attrStickerSets = $this->db->query("SELECT `id` FROM " . DB_PREFIX . "mm_attribute_sticker WHERE product_id = '" . (int)$product_id . "'")->rows;

        foreach ($attrStickerSets as $attrStickerSet) {
            $this->db->query("DELETE FROM " . DB_PREFIX . "mm_product_to_sticker WHERE attribute_sticker_id = '" . (int)$attrStickerSet['id'] . "'");
        }

        $this->db->query("DELETE FROM " . DB_PREFIX . "mm_attribute_sticker WHERE product_id = '" . (int)$product_id . "'");

		if (isset($data['product_attr_stickers'])) {
			foreach ($data['product_attr_stickers'] as $languageId => $productAttrSticker) {

				$this->db->query("INSERT INTO " . DB_PREFIX . "mm_attribute_sticker SET product_id = '" . (int)$product_id . "', language_id = '" . (int)$languageId . "'");
                $attrStickerSet = $this->db->query("SELECT `id` FROM " . DB_PREFIX . "mm_attribute_sticker WHERE product_id = '" . (int)$product_id . "' AND language_id = '" . (int)$languageId . "'")->row;

                foreach ($productAttrSticker as $stickerData) {
                var_dump($stickerData);
                    if (empty($stickerData['image'])) {
                        $image = null;
                    } else {
                        $image = $this->db->escape($stickerData['image']);
                    }

                    if (empty($stickerData['sort_order'])) {
                        $sort_order = 0;
                    } else {
                        $sort_order = $this->db->escape($stickerData['sort_order']);
                    }

                    $this->db->query("INSERT INTO " . DB_PREFIX . "mm_product_to_sticker SET
                        attribute_sticker_id = '" . (int)$attrStickerSet['id'] . "',
                        name = '" . $this->db->escape($stickerData['name']) . "',
                        image = '" . $image . "',
                        text = '" . $this->db->escape($stickerData['text']) . "',
                        sort_order = '" . $sort_order . "'"
                    );
                }
			}
		}
]]></add>
		</operation>
        <operation>
			<search><![CDATA[$product_id = $this->db->getLastId();]]></search>
			<add position="after"><![CDATA[
        //Attribute Sticker
        if (isset($data['product_attr_stickers'])) {
			foreach ($data['product_attr_stickers'] as $languageId => $productAttrSticker) {
				$this->db->query("INSERT INTO " . DB_PREFIX . "mm_attribute_sticker SET product_id = '" . (int)$product_id . "', language_id = '" . (int)$languageId . "'");
                $attrStickerSet = $this->db->query("SELECT `id` FROM " . DB_PREFIX . "mm_attribute_sticker WHERE product_id = '" . (int)$product_id . "' AND language_id = '" . (int)$languageId . "'")->row;

                foreach ($productAttrSticker as $stickerData) {
                    if (empty($stickerData['image'])) {
                        $image = null;
                    } else {
                        $image = $this->db->escape($stickerData['image']);
                    }

                    if (empty($stickerData['sort_order'])) {
                        $sort_order = 0;
                    } else {
                        $sort_order = $this->db->escape($stickerData['sort_order']);
                    }

                    $this->db->query("INSERT INTO " . DB_PREFIX . "mm_product_to_sticker SET
                        attribute_sticker_id = '" . (int)$attrStickerSet['id'] . "',
                        name = '" . $this->db->escape($stickerData['name']) . "',
                        image = '" . $image . "',
                        text = '" . $this->db->escape($stickerData['text']) . "',
                        sort_order = '" . $sort_order . "'"
                    );
                }
			}
		}
]]></add>
		</operation>
	</file>
    <file path="admin/view/template/catalog/product_form.twig">
		<operation>
			<search><![CDATA[<li><a href="#tab-special" data-toggle="tab">{{ tab_special }}</a></li>]]></search>
			<add position="after"><![CDATA[
        <li><a href="#tab-attr-stickers" data-toggle="tab">{{ tab_attr_stickers }}</a></li>
]]></add>
		</operation>
        <operation>
			<search><![CDATA[$('#option a:first').tab('show');]]></search>
			<add position="after"><![CDATA[
        $('#attr-language a:first').tab('show');
]]></add>
		</operation>
        <operation>
			<search><![CDATA[<div class="tab-pane" id="tab-image">]]></search>
			<add position="before"><![CDATA[
        <!-- Attribute stickers start -->
        {% set attrStickerRow = 0 %}
        <div class="tab-pane" id="tab-attr-stickers">
            <ul class="nav nav-tabs" id="attr-language">
              {% for language in languages %}
                <li><a href="#attr-language{{ language.language_id }}" data-toggle="tab"><img src="language/{{ language.code }}/{{ language.code }}.png" title="{{ language.name }}"/> {{ language.name }}</a></li>
              {% endfor %}
            </ul>
            <div class="tab-content">{% for language in languages %}
                <div class="tab-pane" id="attr-language{{ language.language_id }}">
                    <div class="table-responsive">
                      <table id="attr-stickers" class="table table-striped table-bordered table-hover">
                        <thead>
                          <tr>
                            <td class="text-left">{{ attribute_stickers_name }}</td>
                            <td class="text-left">{{ attribute_stickers_image }}</td>
                            <td class="text-right">{{ attribute_stickers_text }}</td>
                            <td class="text-right">{{ attribute_stickers_sort_order }}</td>
                            <td class="text-left">{{ attribute_sticker_action }}</td>
                          </tr>
                        </thead>
                        <tbody>
                          {% for product_attr_sticker in product_attr_stickers[language.language_id] %}
                            <tr id="attr-sticker-row{{ attrStickerRow }}">
                              <td class="text-right"><input type="text" name="product_attr_stickers[{{ language.language_id }}][{{ attrStickerRow }}][name]" value="{{ product_attr_sticker.name }}" placeholder="{{ attribute_stickers_name }}" class="form-control"/></td>
                              <td class="text-left"><a href="" id="attr-thumb-image{{ attrStickerRow }}{{ language.language_id }}" data-toggle="image" class="img-thumbnail"><img src="{{ product_attr_sticker.thumb }}" alt="" title="" data-placeholder="{{ placeholder }}"/></a> <input type="hidden" name="product_attr_stickers[{{language.language_id}}][{{ attrStickerRow }}][image]" value="{{ product_attr_sticker.image }}" id="attr-stickers-image{{ attrStickerRow }}{{language.language_id}}"/></td>
                              <td class="text-right"><input type="text" name="product_attr_stickers[{{ language.language_id }}][{{ attrStickerRow }}][text]" value="{{ product_attr_sticker.text }}" placeholder="{{ attribute_stickers_text }}" class="form-control"/></td>
                              <td class="text-right"><input type="text" name="product_attr_stickers[{{ language.language_id }}][{{ attrStickerRow }}][sort_order]" value="{{ product_attr_sticker.sort_order }}" placeholder="{{ attribute_stickers_sort_order }}" class="form-control"/></td>
                              <td class="text-left"><button type="button" onclick="$('#attr-sticker-row{{ attrStickerRow }}').remove();" data-toggle="tooltip" title="{{ button_remove }}" class="btn btn-danger"><i class="fa fa-minus-circle"></i></button></td>
                            </tr>
                            {% set attrStickerRow = attrStickerRow + 1 %}
                          {% endfor %}
                        </tbody>

                        <tfoot>
                          <tr>
                            <td colspan="4"></td>
                            <td class="text-left"><button type="button" onclick="addAttrSticker({{ language.language_id }});" data-toggle="tooltip" title="{{ button_image_add }}" class="btn btn-primary"><i class="fa fa-plus-circle"></i></button></td>
                          </tr>
                        </tfoot>
                      </table>
                    </div>
                </div>
              {% endfor %}</div>
        </div>
        <!-- Attribute stickers end -->
]]></add>
		</operation>
        <operation>
			<search><![CDATA[var image_row = {{ image_row }};]]></search>
			<add position="after"><![CDATA[
        //Attribute Sticker
        var attrStickerRow = {{ attrStickerRow }};

        function addAttrSticker(languageId) {
      	  html = '<tr id="attr-sticker-row' + attrStickerRow + '">';
            html += '  <td class="text-right"><input type="text" name="product_attr_stickers[' + languageId + '][' + attrStickerRow + '][name]" value="{{ product_attr_sticker.name }}" placeholder="{{ attribute_stickers_name }}" class="form-control"/></td>';
      	  html += '  <td class="text-left"><a href="" id="attr-thumb-image' + attrStickerRow + '"data-toggle="image" class="img-thumbnail"><img src="{{ placeholder }}" alt="" title="" data-placeholder="{{ placeholder }}" /></a><input type="hidden" name="product_attr_stickers[' + languageId + '][' + attrStickerRow + '][image]" value="" id="input-image' + attrStickerRow + '" /></td>';
            html += '  <td class="text-right"><input type="text" name="product_attr_stickers[' + languageId + '][' + attrStickerRow + '][text]" value="{{ product_attr_sticker.text }}" placeholder="{{ attribute_stickers_text }}" class="form-control"/></td>';
      	  html += '  <td class="text-right"><input type="text" name="product_attr_stickers[' + languageId + '][' + attrStickerRow + '][sort_order]" value="" placeholder="{{ attribute_stickers_sort_order }}" class="form-control" /></td>';
      	  html += '  <td class="text-left"><button type="button" onclick="$(\'#attr-sticker-row' + attrStickerRow + '\').remove();" data-toggle="tooltip" title="{{ button_remove }}" class="btn btn-danger"><i class="fa fa-minus-circle"></i></button></td>';
      	  html += '</tr>';

            var insert = '#attr-language' + languageId + ' tbody';

      	  $(insert).append(html);

      	  attrStickerRow++;
        }
]]></add>
		</operation>
	</file>
</modification>
