<?xml version="1.0" encoding="utf-8"?>
<modification>
	<name>Подарки</name>
	<code>gift</code>
	<version>1.0</version>
	<author>Serhii Lazebnyi</author>
	<link>serhii.lazebnyi@gmail.com</link>

	<file path="admin/view/template/catalog/product_form.twig">
		<operation>
			<search><![CDATA[<div class="tab-pane" id="tab-design">]]></search>
			<add position="before"><![CDATA[
            <div class="tab-pane" id="tab-gift">
                <div class="form-group">
                  <label class="col-sm-2 control-label" for="input-gift"><span data-toggle="tooltip" title="{{ help_gift }}">{{ entry_gift}}</span></label>
                  <div class="col-sm-10">
                    <input type="text" name="gift" value="" placeholder="{{ entry_gift }}" id="input-gift" class="form-control"/>
                    <div id="product-gift" class="well well-sm" style="height: 150px; overflow: auto;"> {% for gift in product_gift %}
                        <div id="product-gift{{ gift.product_id }}"><i class="fa fa-minus-circle"></i> {{ gift.name }}
                          <input type="hidden" name="product_gift[]" value="{{ gift.product_id }}"/>
                        </div>
                      {% endfor %}</div>
                  </div>
                </div>
            </div>
]]></add>
		</operation>
        <operation>
			<search><![CDATA[<li><a href="#tab-design" data-toggle="tab">{{ tab_design }}</a></li>]]></search>
			<add position="before"><![CDATA[<li><a href="#tab-gift" data-toggle="tab">{{ entry_gift }}</a></li>]]></add>
		</operation>
        <operation>
			<search><![CDATA[// Related]]></search>
			<add position="before"><![CDATA[
            // Gift
            $('input[name=\'gift\']').autocomplete({
          	  'source': function(request, response) {
          		  $.ajax({
          			  url: 'index.php?route=catalog/product/autocomplete&user_token={{ user_token }}&filter_name=' + encodeURIComponent(request),
          			  dataType: 'json',
          			  success: function(json) {
          				  response($.map(json, function(item) {
          					  return {
          						  label: item['name'],
          						  value: item['product_id']
          					  }
          				  }));
          			  }
          		  });
          	  },
          	  'select': function(item) {
          		  $('input[name=\'gift\']').val('');

          		  $('#product-gift' + item['value']).remove();

          		  $('#product-gift').append('<div id="product-gift' + item['value'] + '"><i class="fa fa-minus-circle"></i> ' + item['label'] + '<input type="hidden" name="product_gift[]" value="' + item['value'] + '" /></div>');
          	  }
            });

            $('#product-gift').delegate('.fa-minus-circle', 'click', function() {
          	  $(this).parent().remove();
            });
]]></add>
		</operation>
	</file>
    <file path="admin/controller/catalog/product.php">
        <operation>
			<search><![CDATA[$data['text_form'] = !isset($this->request->get['product_id']) ? $this->language->get('text_add') : $this->language->get('text_edit');]]></search>
			<add position="after"><![CDATA[
        $this->load->language('extension/module/mm_gift');
]]></add>
		</operation>
        <operation>
			<search><![CDATA[if (isset($this->request->post['product_description'])) {]]></search>
			<add position="before"><![CDATA[
            if (isset($this->request->post['product_gift'])) {
    			$data['product_gift'] = $this->request->post['product_gift'];
    		} elseif (isset($this->request->get['product_id'])) {
    			$data['product_gift'] = $this->model_catalog_product->getProductGifts($this->request->get['product_id']);
    		} else {
    			$data['product_gift'] = array();
    		}
]]></add>
		</operation>
    </file>
    <file path="admin/model/catalog/product.php">
        <operation>
			<search><![CDATA[$product_id = $this->db->getLastId();]]></search>
			<add position="after"><![CDATA[
            // Gift
            if (isset($data['product_gift'])) {
                $this->db->query("DELETE FROM " . DB_PREFIX . "mm_gift WHERE product_id = '" . (int)$product_id . "'");
                foreach ($data['product_gift'] as $product_gift) {
    				$this->db->query("INSERT INTO " . DB_PREFIX . "mm_gift SET product_id = '" . (int)$product_id . "', gift_id = '" . (int)$product_gift . "'");
    			}
            }
]]></add>
		</operation>
        <operation>
			<search><![CDATA[$this->db->query("DELETE FROM " . DB_PREFIX . "product_image WHERE product_id = '" . (int)$product_id . "'");]]></search>
			<add position="after"><![CDATA[
            // Gift
            if (isset($data['product_gift'])) {
                $this->db->query("DELETE FROM " . DB_PREFIX . "mm_gift WHERE product_id = '" . (int)$product_id . "'");
                foreach ($data['product_gift'] as $product_gift) {
    				$this->db->query("INSERT INTO " . DB_PREFIX . "mm_gift SET product_id = '" . (int)$product_id . "', gift_id = '" . (int)$product_gift . "'");
    			}
            }
]]></add>
		</operation>
        <operation>
			<search><![CDATA[public function getProductRelated($product_id) {]]></search>
			<add position="before"><![CDATA[
            public function getProductGifts($product_id) {
                $productGifts = array();

                $query = $this->db->query("SELECT mg.product_id, mg.gift_id, pd.name as gift_name FROM " . DB_PREFIX . "mm_gift mg LEFT JOIN " . DB_PREFIX . "product_description pd ON pd.product_id = mg.gift_id  WHERE mg.product_id = '" . (int)$product_id . "' AND pd.language_id = '" . (int)$this->config->get('config_language_id') . "' ORDER BY pd.name");

                foreach ($query->rows as $gift) {
                    $productGifts[] = array(
                        'product_id' => $gift['gift_id'],
                        'name'       => $gift['gift_name']
                    );
                }

                return $productGifts;
            }
]]></add>
		</operation>
    </file>
</modification>
